data,mercado,pagina,clickref,cliques_painel,cliques_awin,transacoes,comissao_pendente,comissao_aprovada,observacao
,UK,/blog/apoquel-for-dogs-cost-uk/,blog-apoquel-for-dogs-cost-uk,,,,,,
,UK,/blog/atopica-for-dogs-cost-uk/,blog-atopica-for-dogs-cost-uk,,,,,,
,UK,/blog/cancer-in-dogs-palladia-cost-uk/,blog-cancer-in-dogs-palladia-cost-uk,,,,,,
,UK,/blog/cushings-disease-in-dogs-cost-uk/,blog-cushings-disease-in-dogs-cost-uk,,,,,,
,UK,/blog/dog-joint-supplements-uk-cost/,blog-dog-joint-supplements-uk-cost,,,,,,
,UK,/blog/heart-failure-in-dogs-cost-uk/,blog-heart-failure-in-dogs-cost-uk,,,,,,
,UK,/blog/hypothyroidism-in-dogs-cost-uk/,blog-hypothyroidism-in-dogs-cost-uk,,,,,,
,UK,/blog/kidney-disease-in-cats-cost-uk/,blog-kidney-disease-in-cats-cost-uk,,,,,,
,UK,/blog/librela-cost-uk/,blog-librela-cost-uk,,,,,,
,UK,/blog/lifetime-cost-canine-epilepsy-uk/,blog-lifetime-cost-canine-epilepsy-uk,,,,,,
,UK,/blog/pet-insurance-pros-cons-older-pets/,blog-pet-insurance-pros-cons-older-pets,,,,,,
,UK,/blog/why-pet-medicine-prices-vary-uk/,blog-why-pet-medicine-prices-vary-uk,,,,,,
,UK,/blog/raw-dog-food-cost-uk/,blog-raw-dog-food-cost-uk,,,,,,Bella + Duke - cupom AFF432
,UK,/ (home - comparador),(deep link por produto),,,,,,
,BR,/ (home - comparador),sku<idsku>,,,,,,
,,,,,,,,,
COMO PREENCHER,,,,,,,,,
"1. Uma linha por DIA por página. Duplique o bloco acima a cada dia que for medir.",,,,,,,,,
"2. cliques_painel: do seu /painel (só depois da migração Cloudflare estar no ar).",,,,,,,,,
"3. cliques_awin: Awin > Reports > Clicks report, filtrando pelo clickref da linha.",,,,,,,,,
"4. transacoes e comissao: Awin > Reports > Transactions. Pendente vira aprovada quando o anunciante valida (leva semanas).",,,,,,,,,
,,,,,,,,,
COMO LER A DIVERGENCIA,,,,,,,,,
"painel alto / awin proximo: normal (bloqueador, bot, pre-carregamento).",,,,,,,,,
"painel alto / awin ZERO: o caminho esta quebrado. Confira o link e se o programa esta Joined/Approved.",,,,,,,,,
"painel zero / awin zero: ninguem clica. Problema de trafego ou da pagina, nao de rastreio.",,,,,,,,,
"clique existe / transacao nunca aparece: programa nao aprovado para o seu publisher. Primeira coisa a olhar.",,,,,,,,,
,,,,,,,,,
DADOS FIXOS,,,,,,,,,
"Awin publisher (UK): 2955355",,,,,,,,,
"VioVet merchant id: 6960 (approved-live)",,,,,,,,,
"Morgan & French: 9897 (approved) - ainda sem link no site",,,,,,,,,
"Vetz Petz Antinol: 14799 (approved) - ainda sem link no site",,,,,,,,,
"Bella + Duke: 111046 (approved-live) - GBP 10 fixo por cliente novo UK; so vale cupom AFF432; cancelou em 30 dias = recusada",,,,,,,,,
"Pet Drugs Online / YuMOVE: PENDENTE - solicitar no Awin",,,,,,,,,
